{
    "rmse": 0.8053516651667708,
    "mae": 0.6584579879731157,
    "r2": 0.007520291849884453
}